pokedex_number,name,types,total,hp,attack,defense,special_attack,special_defense,speed
0001,Bulbasaur,['Grass'],318,45,49,49,65,65,45
0002,Ivysaur,['Grass'],405,60,62,63,80,80,60
0003,Venusaur,['Grass'],525,80,82,83,100,100,80
0003,Venusaur,['Grass'],625,80,100,123,122,120,80
0004,Charmander,[],309,39,52,43,60,50,65
0005,Charmeleon,[],405,58,64,58,80,65,80
0006,Charizard,[],534,78,84,78,109,85,100
0006,Charizard,[],634,78,130,111,130,85,100
0006,Charizard,[],634,78,104,78,159,115,100
0007,Squirtle,[],314,44,48,65,50,64,43
0008,Wartortle,[],405,59,63,80,65,80,58
0009,Blastoise,[],530,79,83,100,85,105,78
0009,Blastoise,[],630,79,103,120,135,115,78
0010,Caterpie,[],195,45,30,35,20,20,45
0011,Metapod,[],205,50,20,55,25,25,30
0012,Butterfree,[],395,60,45,50,90,80,70
0013,Weedle,[],195,40,35,30,20,20,50
0014,Kakuna,[],205,45,25,50,25,25,35
0015,Beedrill,[],395,65,90,40,45,80,75
0015,Beedrill,[],495,65,150,40,15,80,145
0016,Pidgey,[],251,40,45,40,35,35,56
0017,Pidgeotto,[],349,63,60,55,50,50,71
0018,Pidgeot,[],479,83,80,75,70,70,101
0018,Pidgeot,[],579,83,80,80,135,80,121
0019,Rattata,[],253,30,56,35,25,35,72
0019,Rattata,[],253,30,56,35,25,35,72
0020,Raticate,[],413,55,81,60,50,70,97
0020,Raticate,[],413,75,71,70,40,80,77
0021,Spearow,[],262,40,60,30,31,31,70
0022,Fearow,[],442,65,90,65,61,61,100
0023,Ekans,[],288,35,60,44,40,54,55
0024,Arbok,[],448,60,95,69,65,79,80
0025,Pikachu,[],320,35,55,40,50,50,90
0025,Pikachu,[],430,45,80,50,75,60,120
0026,Raichu,[],485,60,90,55,90,80,110
0026,Raichu,[],485,60,85,50,95,85,110
0027,Sandshrew,[],300,50,75,85,20,30,40
0027,Sandshrew,[],300,50,75,90,10,35,40
0028,Sandslash,[],450,75,100,110,45,55,65
0028,Sandslash,[],450,75,100,120,25,65,65
0029,Nidoran♀,[],275,55,47,52,40,40,41
0030,Nidorina,[],365,70,62,67,55,55,56
0031,Nidoqueen,[],505,90,92,87,75,85,76
0032,Nidoran♂,[],273,46,57,40,40,40,50
0033,Nidorino,[],365,61,72,57,55,55,65
0034,Nidoking,[],505,81,102,77,85,75,85
0035,Clefairy,[],323,70,45,48,60,65,35
0036,Clefable,[],483,95,70,73,95,90,60
0037,Vulpix,[],299,38,41,40,50,65,65
0037,Vulpix,[],299,38,41,40,50,65,65
0038,Ninetales,[],505,73,76,75,81,100,100
0038,Ninetales,[],505,73,67,75,81,100,109
0039,Jigglypuff,[],270,115,45,20,45,25,20
0040,Wigglytuff,[],435,140,70,45,85,50,45
0041,Zubat,[],245,40,45,35,30,40,55
0042,Golbat,[],455,75,80,70,65,75,90
0043,Oddish,['Grass'],320,45,50,55,75,65,30
0044,Gloom,['Grass'],395,60,65,70,85,75,40
0045,Vileplume,['Grass'],490,75,80,85,110,90,50
0046,Paras,['Grass'],285,35,70,55,45,55,25
0047,Parasect,['Grass'],405,60,95,80,60,80,30
0048,Venonat,[],305,60,55,50,40,55,45
0049,Venomoth,[],450,70,65,60,90,75,90
0050,Diglett,[],265,10,55,25,35,45,95
0050,Diglett,[],265,10,55,30,35,45,90
0051,Dugtrio,[],425,35,100,50,50,70,120
0051,Dugtrio,[],425,35,100,60,50,70,110
0052,Meowth,[],290,40,45,35,40,40,90
0052,Meowth,[],290,40,35,35,50,40,90
0052,Meowth,[],290,50,65,55,40,40,40
0053,Persian,[],440,65,70,60,65,65,115
0053,Persian,[],440,65,60,60,75,65,115
0054,Psyduck,[],320,50,52,48,65,50,55
0055,Golduck,[],500,80,82,78,95,80,85
0056,Mankey,[],305,40,80,35,35,45,70
0057,Primeape,[],455,65,105,60,60,70,95
0058,Growlithe,[],350,55,70,45,70,50,60
0058,Growlithe,[],350,60,75,45,65,50,55
0059,Arcanine,[],555,90,110,80,100,80,95
0059,Arcanine,[],555,95,115,80,95,80,90
0060,Poliwag,[],300,40,50,40,40,40,90
0061,Poliwhirl,[],385,65,65,65,50,50,90
0062,Poliwrath,[],510,90,95,95,70,90,70
0063,Abra,[],310,25,20,15,105,55,90
0064,Kadabra,[],400,40,35,30,120,70,105
0065,Alakazam,[],500,55,50,45,135,95,120
0065,Alakazam,[],600,55,50,65,175,105,150
0066,Machop,[],305,70,80,50,35,35,35
0067,Machoke,[],405,80,100,70,50,60,45
0068,Machamp,[],505,90,130,80,65,85,55
0069,Bellsprout,['Grass'],300,50,75,35,70,30,40
0070,Weepinbell,['Grass'],390,65,90,50,85,45,55
0071,Victreebel,['Grass'],490,80,105,65,100,70,70
0072,Tentacool,[],335,40,40,35,50,100,70
0073,Tentacruel,[],515,80,70,65,80,120,100
0074,Geodude,[],300,40,80,100,30,30,20
0074,Geodude,[],300,40,80,100,30,30,20
0075,Graveler,[],390,55,95,115,45,45,35
0075,Graveler,[],390,55,95,115,45,45,35
0076,Golem,[],495,80,120,130,55,65,45
0076,Golem,[],495,80,120,130,55,65,45
0077,Ponyta,[],410,50,85,55,65,65,90
0077,Ponyta,[],410,50,85,55,65,65,90
0078,Rapidash,[],500,65,100,70,80,80,105
0078,Rapidash,[],500,65,100,70,80,80,105
0079,Slowpoke,[],315,90,65,65,40,40,15
0079,Slowpoke,[],315,90,65,65,40,40,15
0080,Slowbro,[],490,95,75,110,100,80,30
0080,Slowbro,[],590,95,75,180,130,80,30
0080,Slowbro,[],490,95,100,95,100,70,30
0081,Magnemite,[],325,25,35,70,95,55,45
0082,Magneton,[],465,50,60,95,120,70,70
0083,Farfetch'd,[],377,52,90,55,58,62,60
0083,Farfetch'd,[],377,52,95,55,58,62,55
0084,Doduo,[],310,35,85,45,35,35,75
0085,Dodrio,[],470,60,110,70,60,60,110
0086,Seel,[],325,65,45,55,45,70,45
0087,Dewgong,[],475,90,70,80,70,95,70
0088,Grimer,[],325,80,80,50,40,50,25
0088,Grimer,[],325,80,80,50,40,50,25
0089,Muk,[],500,105,105,75,65,100,50
0089,Muk,[],500,105,105,75,65,100,50
0090,Shellder,[],305,30,65,100,45,25,40
0091,Cloyster,[],525,50,95,180,85,45,70
0092,Gastly,[],310,30,35,30,100,35,80
0093,Haunter,[],405,45,50,45,115,55,95
0094,Gengar,[],500,60,65,60,130,75,110
0094,Gengar,[],600,60,65,80,170,95,130
0095,Onix,[],385,35,45,160,30,45,70
0096,Drowzee,[],328,60,48,45,43,90,42
0097,Hypno,[],483,85,73,70,73,115,67
0098,Krabby,[],325,30,105,90,25,25,50
0099,Kingler,[],475,55,130,115,50,50,75
0100,Voltorb,[],330,40,30,50,55,55,100
0100,Voltorb,['Grass'],330,40,30,50,55,55,100
0101,Electrode,[],490,60,50,70,80,80,150
0101,Electrode,['Grass'],490,60,50,70,80,80,150
0102,Exeggcute,['Grass'],325,60,40,80,60,45,40
0103,Exeggutor,['Grass'],530,95,95,85,125,75,55
0103,Exeggutor,['Grass'],530,95,105,85,125,75,45
0104,Cubone,[],320,50,50,95,40,50,35
0105,Marowak,[],425,60,80,110,50,80,45
0105,Marowak,[],425,60,80,110,50,80,45
0106,Hitmonlee,[],455,50,120,53,35,110,87
0107,Hitmonchan,[],455,50,105,79,35,110,76
0108,Lickitung,[],385,90,55,75,60,75,30
0109,Koffing,[],340,40,65,95,60,45,35
0110,Weezing,[],490,65,90,120,85,70,60
0110,Weezing,[],490,65,90,120,85,70,60
0111,Rhyhorn,[],345,80,85,95,30,30,25
0112,Rhydon,[],485,105,130,120,45,45,40
0113,Chansey,[],450,250,5,5,35,105,50
0114,Tangela,['Grass'],435,65,55,115,100,40,60
0115,Kangaskhan,[],490,105,95,80,40,80,90
0115,Kangaskhan,[],590,105,125,100,60,100,100
0116,Horsea,[],295,30,40,70,70,25,60
0117,Seadra,[],440,55,65,95,95,45,85
0118,Goldeen,[],320,45,67,60,35,50,63
0119,Seaking,[],450,80,92,65,65,80,68
0120,Staryu,[],340,30,45,55,70,55,85
0121,Starmie,[],520,60,75,85,100,85,115
0122,Mr. Mime,[],460,40,45,65,100,120,90
0122,Mr. Mime,[],460,50,65,65,90,90,100
0123,Scyther,[],500,70,110,80,55,80,105
0124,Jynx,[],455,65,50,35,115,95,95
0125,Electabuzz,[],490,65,83,57,95,85,105
0126,Magmar,[],495,65,95,57,100,85,93
0127,Pinsir,[],500,65,125,100,55,70,85
0127,Pinsir,[],600,65,155,120,65,90,105
0128,Tauros,[],490,75,100,95,40,70,110
0128,Tauros,[],490,75,110,105,30,70,100
0128,Tauros,[],490,75,110,105,30,70,100
0128,Tauros,[],490,75,110,105,30,70,100
0129,Magikarp,[],200,20,10,55,15,20,80
0130,Gyarados,[],540,95,125,79,60,100,81
0130,Gyarados,[],640,95,155,109,70,130,81
0131,Lapras,[],535,130,85,80,85,95,60
0132,Ditto,[],288,48,48,48,48,48,48
0133,Eevee,[],325,55,55,50,45,65,55
0133,Eevee,[],435,65,75,70,65,85,75
0134,Vaporeon,[],525,130,65,60,110,95,65
0135,Jolteon,[],525,65,65,60,110,95,130
0136,Flareon,[],525,65,130,60,95,110,65
0137,Porygon,[],395,65,60,70,85,75,40
0138,Omanyte,[],355,35,40,100,90,55,35
0139,Omastar,[],495,70,60,125,115,70,55
0140,Kabuto,[],355,30,80,90,55,45,55
0141,Kabutops,[],495,60,115,105,65,70,80
0142,Aerodactyl,[],515,80,105,65,60,75,130
0142,Aerodactyl,[],615,80,135,85,70,95,150
0143,Snorlax,[],540,160,110,65,65,110,30
0144,Articuno,[],580,90,85,100,95,125,85
0144,Articuno,[],580,90,85,85,125,100,95
0145,Zapdos,[],580,90,90,85,125,90,100
0145,Zapdos,[],580,90,125,90,85,90,100
0146,Moltres,[],580,90,100,90,125,85,90
0146,Moltres,[],580,90,85,90,100,125,90
0147,Dratini,[],300,41,64,45,50,50,50
0148,Dragonair,[],420,61,84,65,70,70,70
0149,Dragonite,[],600,91,134,95,100,100,80
0150,Mewtwo,[],680,106,110,90,154,90,130
0150,Mewtwo,[],780,106,190,100,154,100,130
0150,Mewtwo,[],780,106,150,70,194,120,140
0151,Mew,[],600,100,100,100,100,100,100
0152,Chikorita,['Grass'],318,45,49,65,49,65,45
0153,Bayleef,['Grass'],405,60,62,80,63,80,60
0154,Meganium,['Grass'],525,80,82,100,83,100,80
0155,Cyndaquil,[],309,39,52,43,60,50,65
0156,Quilava,[],405,58,64,58,80,65,80
0157,Typhlosion,[],534,78,84,78,109,85,100
0157,Typhlosion,[],534,73,84,78,119,85,95
0158,Totodile,[],314,50,65,64,44,48,43
0159,Croconaw,[],405,65,80,80,59,63,58
0160,Feraligatr,[],530,85,105,100,79,83,78
0161,Sentret,[],215,35,46,34,35,45,20
0162,Furret,[],415,85,76,64,45,55,90
0163,Hoothoot,[],262,60,30,30,36,56,50
0164,Noctowl,[],452,100,50,50,86,96,70
0165,Ledyba,[],265,40,20,30,40,80,55
0166,Ledian,[],390,55,35,50,55,110,85
0167,Spinarak,[],250,40,60,40,40,40,30
0168,Ariados,[],400,70,90,70,60,70,40
0169,Crobat,[],535,85,90,80,70,80,130
0170,Chinchou,[],330,75,38,38,56,56,67
0171,Lanturn,[],460,125,58,58,76,76,67
0172,Pichu,[],205,20,40,15,35,35,60
0173,Cleffa,[],218,50,25,28,45,55,15
0174,Igglybuff,[],210,90,30,15,40,20,15
0175,Togepi,[],245,35,20,65,40,65,20
0176,Togetic,[],405,55,40,85,80,105,40
0177,Natu,[],320,40,50,45,70,45,70
0178,Xatu,[],470,65,75,70,95,70,95
0179,Mareep,[],280,55,40,40,65,45,35
0180,Flaaffy,[],365,70,55,55,80,60,45
0181,Ampharos,[],510,90,75,85,115,90,55
0181,Ampharos,[],610,90,95,105,165,110,45
0182,Bellossom,['Grass'],490,75,80,95,90,100,50
0183,Marill,[],250,70,20,50,20,50,40
0184,Azumarill,[],420,100,50,80,60,80,50
0185,Sudowoodo,[],410,70,100,115,30,65,30
0186,Politoed,[],500,90,75,75,90,100,70
0187,Hoppip,['Grass'],250,35,35,40,35,55,50
0188,Skiploom,['Grass'],340,55,45,50,45,65,80
0189,Jumpluff,['Grass'],460,75,55,70,55,95,110
0190,Aipom,[],360,55,70,55,40,55,85
0191,Sunkern,['Grass'],180,30,30,30,30,30,30
0192,Sunflora,['Grass'],425,75,75,55,105,85,30
0193,Yanma,[],390,65,65,45,75,45,95
0194,Wooper,[],210,55,45,45,25,25,15
0194,Wooper,[],210,55,45,45,25,25,15
0195,Quagsire,[],430,95,85,85,65,65,35
0196,Espeon,[],525,65,65,60,130,95,110
0197,Umbreon,[],525,95,65,110,60,130,65
0198,Murkrow,[],405,60,85,42,85,42,91
0199,Slowking,[],490,95,75,80,100,110,30
0199,Slowking,[],490,95,65,80,110,110,30
0200,Misdreavus,[],435,60,60,60,85,85,85
0201,Unown,[],336,48,72,48,72,48,48
0202,Wobbuffet,[],405,190,33,58,33,58,33
0203,Girafarig,[],455,70,80,65,90,65,85
0204,Pineco,[],290,50,65,90,35,35,15
0205,Forretress,[],465,75,90,140,60,60,40
0206,Dunsparce,[],415,100,70,70,65,65,45
0207,Gligar,[],430,65,75,105,35,65,85
0208,Steelix,[],510,75,85,200,55,65,30
0208,Steelix,[],610,75,125,230,55,95,30
0209,Snubbull,[],300,60,80,50,40,40,30
0210,Granbull,[],450,90,120,75,60,60,45
0211,Qwilfish,[],440,65,95,85,55,55,85
0211,Qwilfish,[],440,65,95,85,55,55,85
0212,Scizor,[],500,70,130,100,55,80,65
0212,Scizor,[],600,70,150,140,65,100,75
0213,Shuckle,[],505,20,10,230,10,230,5
0214,Heracross,[],500,80,125,75,40,95,85
0214,Heracross,[],600,80,185,115,40,105,75
0215,Sneasel,[],430,55,95,55,35,75,115
0215,Sneasel,[],430,55,95,55,35,75,115
0216,Teddiursa,[],330,60,80,50,50,50,40
0217,Ursaring,[],500,90,130,75,75,75,55
0218,Slugma,[],250,40,40,40,70,40,20
0219,Magcargo,[],430,60,50,120,90,80,30
0220,Swinub,[],250,50,50,40,30,30,50
0221,Piloswine,[],450,100,100,80,60,60,50
0222,Corsola,[],410,65,55,95,65,95,35
0222,Corsola,[],410,60,55,100,65,100,30
0223,Remoraid,[],300,35,65,35,65,35,65
0224,Octillery,[],480,75,105,75,105,75,45
0225,Delibird,[],330,45,55,45,65,45,75
0226,Mantine,[],485,85,40,70,80,140,70
0227,Skarmory,[],465,65,80,140,40,70,70
0228,Houndour,[],330,45,60,30,80,50,65
0229,Houndoom,[],500,75,90,50,110,80,95
0229,Houndoom,[],600,75,90,90,140,90,115
0230,Kingdra,[],540,75,95,95,95,95,85
0231,Phanpy,[],330,90,60,60,40,40,40
0232,Donphan,[],500,90,120,120,60,60,50
0233,Porygon2,[],515,85,80,90,105,95,60
0234,Stantler,[],465,73,95,62,85,65,85
0235,Smeargle,[],250,55,20,35,20,45,75
0236,Tyrogue,[],210,35,35,35,35,35,35
0237,Hitmontop,[],455,50,95,95,35,110,70
0238,Smoochum,[],305,45,30,15,85,65,65
0239,Elekid,[],360,45,63,37,65,55,95
0240,Magby,[],365,45,75,37,70,55,83
0241,Miltank,[],490,95,80,105,40,70,100
0242,Blissey,[],540,255,10,10,75,135,55
0243,Raikou,[],580,90,85,75,115,100,115
0244,Entei,[],580,115,115,85,90,75,100
0245,Suicune,[],580,100,75,115,90,115,85
0246,Larvitar,[],300,50,64,50,45,50,41
0247,Pupitar,[],410,70,84,70,65,70,51
0248,Tyranitar,[],600,100,134,110,95,100,61
0248,Tyranitar,[],700,100,164,150,95,120,71
0249,Lugia,[],680,106,90,130,90,154,110
0250,Ho-oh,[],680,106,130,90,110,154,90
0251,Celebi,['Grass'],600,100,100,100,100,100,100
0252,Treecko,['Grass'],310,40,45,35,65,55,70
0253,Grovyle,['Grass'],405,50,65,45,85,65,95
0254,Sceptile,['Grass'],530,70,85,65,105,85,120
0254,Sceptile,['Grass'],630,70,110,75,145,85,145
0255,Torchic,[],310,45,60,40,70,50,45
0256,Combusken,[],405,60,85,60,85,60,55
0257,Blaziken,[],530,80,120,70,110,70,80
0257,Blaziken,[],630,80,160,80,130,80,100
0258,Mudkip,[],310,50,70,50,50,50,40
0259,Marshtomp,[],405,70,85,70,60,70,50
0260,Swampert,[],535,100,110,90,85,90,60
0260,Swampert,[],635,100,150,110,95,110,70
0261,Poochyena,[],220,35,55,35,30,30,35
0262,Mightyena,[],420,70,90,70,60,60,70
0263,Zigzagoon,[],240,38,30,41,30,41,60
0263,Zigzagoon,[],240,38,30,41,30,41,60
0264,Linoone,[],420,78,70,61,50,61,100
0264,Linoone,[],420,78,70,61,50,61,100
0265,Wurmple,[],195,45,45,35,20,30,20
0266,Silcoon,[],205,50,35,55,25,25,15
0267,Beautifly,[],395,60,70,50,100,50,65
0268,Cascoon,[],205,50,35,55,25,25,15
0269,Dustox,[],385,60,50,70,50,90,65
0270,Lotad,['Grass'],220,40,30,30,40,50,30
0271,Lombre,['Grass'],340,60,50,50,60,70,50
0272,Ludicolo,['Grass'],480,80,70,70,90,100,70
0273,Seedot,['Grass'],220,40,40,50,30,30,30
0274,Nuzleaf,['Grass'],340,70,70,40,60,40,60
0275,Shiftry,['Grass'],480,90,100,60,90,60,80
0276,Taillow,[],270,40,55,30,30,30,85
0277,Swellow,[],455,60,85,60,75,50,125
0278,Wingull,[],270,40,30,30,55,30,85
0279,Pelipper,[],440,60,50,100,95,70,65
0280,Ralts,[],198,28,25,25,45,35,40
0281,Kirlia,[],278,38,35,35,65,55,50
0282,Gardevoir,[],518,68,65,65,125,115,80
0282,Gardevoir,[],618,68,85,65,165,135,100
0283,Surskit,[],269,40,30,32,50,52,65
0284,Masquerain,[],454,70,60,62,100,82,80
0285,Shroomish,['Grass'],295,60,40,60,40,60,35
0286,Breloom,['Grass'],460,60,130,80,60,60,70
0287,Slakoth,[],280,60,60,60,35,35,30
0288,Vigoroth,[],440,80,80,80,55,55,90
0289,Slaking,[],670,150,160,100,95,65,100
0290,Nincada,[],266,31,45,90,30,30,40
0291,Ninjask,[],456,61,90,45,50,50,160
0292,Shedinja,[],236,1,90,45,30,30,40
0293,Whismur,[],240,64,51,23,51,23,28
0294,Loudred,[],360,84,71,43,71,43,48
0295,Exploud,[],490,104,91,63,91,73,68
0296,Makuhita,[],237,72,60,30,20,30,25
0297,Hariyama,[],474,144,120,60,40,60,50
0298,Azurill,[],190,50,20,40,20,40,20
0299,Nosepass,[],375,30,45,135,45,90,30
0300,Skitty,[],260,50,45,45,35,35,50
0301,Delcatty,[],400,70,65,65,55,55,90
0302,Sableye,[],380,50,75,75,65,65,50
0302,Sableye,[],480,50,85,125,85,115,20
0303,Mawile,[],380,50,85,85,55,55,50
0303,Mawile,[],480,50,105,125,55,95,50
0304,Aron,[],330,50,70,100,40,40,30
0305,Lairon,[],430,60,90,140,50,50,40
0306,Aggron,[],530,70,110,180,60,60,50
0306,Aggron,[],630,70,140,230,60,80,50
0307,Meditite,[],280,30,40,55,40,55,60
0308,Medicham,[],410,60,60,75,60,75,80
0308,Medicham,[],510,60,100,85,80,85,100
0309,Electrike,[],295,40,45,40,65,40,65
0310,Manectric,[],475,70,75,60,105,60,105
0310,Manectric,[],575,70,75,80,135,80,135
0311,Plusle,[],405,60,50,40,85,75,95
0312,Minun,[],405,60,40,50,75,85,95
0313,Volbeat,[],430,65,73,75,47,85,85
0314,Illumise,[],430,65,47,75,73,85,85
0315,Roselia,['Grass'],400,50,60,45,100,80,65
0316,Gulpin,[],302,70,43,53,43,53,40
0317,Swalot,[],467,100,73,83,73,83,55
0318,Carvanha,[],305,45,90,20,65,20,65
0319,Sharpedo,[],460,70,120,40,95,40,95
0319,Sharpedo,[],560,70,140,70,110,65,105
0320,Wailmer,[],400,130,70,35,70,35,60
0321,Wailord,[],500,170,90,45,90,45,60
0322,Numel,[],305,60,60,40,65,45,35
0323,Camerupt,[],460,70,100,70,105,75,40
0323,Camerupt,[],560,70,120,100,145,105,20
0324,Torkoal,[],470,70,85,140,85,70,20
0325,Spoink,[],330,60,25,35,70,80,60
0326,Grumpig,[],470,80,45,65,90,110,80
0327,Spinda,[],360,60,60,60,60,60,60
0328,Trapinch,[],290,45,100,45,45,45,10
0329,Vibrava,[],340,50,70,50,50,50,70
0330,Flygon,[],520,80,100,80,80,80,100
0331,Cacnea,['Grass'],335,50,85,40,85,40,35
0332,Cacturne,['Grass'],475,70,115,60,115,60,55
0333,Swablu,[],310,45,40,60,40,75,50
0334,Altaria,[],490,75,70,90,70,105,80
0334,Altaria,[],590,75,110,110,110,105,80
0335,Zangoose,[],458,73,115,60,60,60,90
0336,Seviper,[],458,73,100,60,100,60,65
0337,Lunatone,[],460,90,55,65,95,85,70
0338,Solrock,[],460,90,95,85,55,65,70
0339,Barboach,[],288,50,48,43,46,41,60
0340,Whiscash,[],468,110,78,73,76,71,60
0341,Corphish,[],308,43,80,65,50,35,35
0342,Crawdaunt,[],468,63,120,85,90,55,55
0343,Baltoy,[],300,40,40,55,40,70,55
0344,Claydol,[],500,60,70,105,70,120,75
0345,Lileep,['Grass'],355,66,41,77,61,87,23
0346,Cradily,['Grass'],495,86,81,97,81,107,43
0347,Anorith,[],355,45,95,50,40,50,75
0348,Armaldo,[],495,75,125,100,70,80,45
0349,Feebas,[],200,20,15,20,10,55,80
0350,Milotic,[],540,95,60,79,100,125,81
0351,Castform,[],420,70,70,70,70,70,70
0351,Castform,[],420,70,70,70,70,70,70
0351,Castform,[],420,70,70,70,70,70,70
0351,Castform,[],420,70,70,70,70,70,70
0352,Kecleon,[],440,60,90,70,60,120,40
0353,Shuppet,[],295,44,75,35,63,33,45
0354,Banette,[],455,64,115,65,83,63,65
0354,Banette,[],555,64,165,75,93,83,75
0355,Duskull,[],295,20,40,90,30,90,25
0356,Dusclops,[],455,40,70,130,60,130,25
0357,Tropius,['Grass'],460,99,68,83,72,87,51
0358,Chimecho,[],455,75,50,80,95,90,65
0359,Absol,[],465,65,130,60,75,60,75
0359,Absol,[],565,65,150,60,115,60,115
0360,Wynaut,[],260,95,23,48,23,48,23
0361,Snorunt,[],300,50,50,50,50,50,50
0362,Glalie,[],480,80,80,80,80,80,80
0362,Glalie,[],580,80,120,80,120,80,100
0363,Spheal,[],290,70,40,50,55,50,25
0364,Sealeo,[],410,90,60,70,75,70,45
0365,Walrein,[],530,110,80,90,95,90,65
0366,Clamperl,[],345,35,64,85,74,55,32
0367,Huntail,[],485,55,104,105,94,75,52
0368,Gorebyss,[],485,55,84,105,114,75,52
0369,Relicanth,[],485,100,90,130,45,65,55
0370,Luvdisc,[],330,43,30,55,40,65,97
0371,Bagon,[],300,45,75,60,40,30,50
0372,Shelgon,[],420,65,95,100,60,50,50
0373,Salamence,[],600,95,135,80,110,80,100
0373,Salamence,[],700,95,145,130,120,90,120
0374,Beldum,[],300,40,55,80,35,60,30
0375,Metang,[],420,60,75,100,55,80,50
0376,Metagross,[],600,80,135,130,95,90,70
0376,Metagross,[],700,80,145,150,105,110,110
0377,Regirock,[],580,80,100,200,50,100,50
0378,Regice,[],580,80,50,100,100,200,50
0379,Registeel,[],580,80,75,150,75,150,50
0380,Latias,[],600,80,80,90,110,130,110
0380,Latias,[],700,80,100,120,140,150,110
0381,Latios,[],600,80,90,80,130,110,110
0381,Latios,[],700,80,130,100,160,120,110
0382,Kyogre,[],670,100,100,90,150,140,90
0382,Kyogre,[],770,100,150,90,180,160,90
0383,Groudon,[],670,100,150,140,100,90,90
0383,Groudon,[],770,100,180,160,150,90,90
0384,Rayquaza,[],680,105,150,90,150,90,95
0384,Rayquaza,[],780,105,180,100,180,100,115
0385,Jirachi,[],600,100,100,100,100,100,100
0386,Deoxys,[],600,50,150,50,150,50,150
0386,Deoxys,[],600,50,180,20,180,20,150
0386,Deoxys,[],600,50,70,160,70,160,90
0386,Deoxys,[],600,50,95,90,95,90,180
0387,Turtwig,['Grass'],318,55,68,64,45,55,31
0388,Grotle,['Grass'],405,75,89,85,55,65,36
0389,Torterra,['Grass'],525,95,109,105,75,85,56
0390,Chimchar,[],309,44,58,44,58,44,61
0391,Monferno,[],405,64,78,52,78,52,81
0392,Infernape,[],534,76,104,71,104,71,108
0393,Piplup,[],314,53,51,53,61,56,40
0394,Prinplup,[],405,64,66,68,81,76,50
0395,Empoleon,[],530,84,86,88,111,101,60
0396,Starly,[],245,40,55,30,30,30,60
0397,Staravia,[],340,55,75,50,40,40,80
0398,Staraptor,[],485,85,120,70,50,60,100
0399,Bidoof,[],250,59,45,40,35,40,31
0400,Bibarel,[],410,79,85,60,55,60,71
0401,Kricketot,[],194,37,25,41,25,41,25
0402,Kricketune,[],384,77,85,51,55,51,65
0403,Shinx,[],263,45,65,34,40,34,45
0404,Luxio,[],363,60,85,49,60,49,60
0405,Luxray,[],523,80,120,79,95,79,70
0406,Budew,['Grass'],280,40,30,35,50,70,55
0407,Roserade,['Grass'],515,60,70,65,125,105,90
0408,Cranidos,[],350,67,125,40,30,30,58
0409,Rampardos,[],495,97,165,60,65,50,58
0410,Shieldon,[],350,30,42,118,42,88,30
0411,Bastiodon,[],495,60,52,168,47,138,30
0412,Burmy,[],224,40,29,45,29,45,36
0412,Burmy,[],224,40,29,45,29,45,36
0412,Burmy,[],224,40,29,45,29,45,36
0413,Wormadam,['Grass'],424,60,59,85,79,105,36
0413,Wormadam,[],424,60,79,105,59,85,36
0413,Wormadam,[],424,60,69,95,69,95,36
0414,Mothim,[],424,70,94,50,94,50,66
0415,Combee,[],244,30,30,42,30,42,70
0416,Vespiquen,[],474,70,80,102,80,102,40
0417,Pachirisu,[],405,60,45,70,45,90,95
0418,Buizel,[],330,55,65,35,60,30,85
0419,Floatzel,[],495,85,105,55,85,50,115
0420,Cherubi,['Grass'],275,45,35,45,62,53,35
0421,Cherrim,['Grass'],450,70,60,70,87,78,85
0422,Shellos,[],325,76,48,48,57,62,34
0423,Gastrodon,[],475,111,83,68,92,82,39
0424,Ambipom,[],482,75,100,66,60,66,115
0425,Drifloon,[],348,90,50,34,60,44,70
0426,Drifblim,[],498,150,80,44,90,54,80
0427,Buneary,[],350,55,66,44,44,56,85
0428,Lopunny,[],480,65,76,84,54,96,105
0428,Lopunny,[],580,65,136,94,54,96,135
0429,Mismagius,[],495,60,60,60,105,105,105
0430,Honchkrow,[],505,100,125,52,105,52,71
0431,Glameow,[],310,49,55,42,42,37,85
0432,Purugly,[],452,71,82,64,64,59,112
0433,Chingling,[],285,45,30,50,65,50,45
0434,Stunky,[],329,63,63,47,41,41,74
0435,Skuntank,[],479,103,93,67,71,61,84
0436,Bronzor,[],300,57,24,86,24,86,23
0437,Bronzong,[],500,67,89,116,79,116,33
0438,Bonsly,[],290,50,80,95,10,45,10
0439,Mime Jr.,[],310,20,25,45,70,90,60
0440,Happiny,[],220,100,5,5,15,65,30
0441,Chatot,[],411,76,65,45,92,42,91
0442,Spiritomb,[],485,50,92,108,92,108,35
0443,Gible,[],300,58,70,45,40,45,42
0444,Gabite,[],410,68,90,65,50,55,82
0445,Garchomp,[],600,108,130,95,80,85,102
0445,Garchomp,[],700,108,170,115,120,95,92
0446,Munchlax,[],390,135,85,40,40,85,5
0447,Riolu,[],285,40,70,40,35,40,60
0448,Lucario,[],525,70,110,70,115,70,90
0448,Lucario,[],625,70,145,88,140,70,112
0449,Hippopotas,[],330,68,72,78,38,42,32
0450,Hippowdon,[],525,108,112,118,68,72,47
0451,Skorupi,[],330,40,50,90,30,55,65
0452,Drapion,[],500,70,90,110,60,75,95
0453,Croagunk,[],300,48,61,40,61,40,50
0454,Toxicroak,[],490,83,106,65,86,65,85
0455,Carnivine,['Grass'],454,74,100,72,90,72,46
0456,Finneon,[],330,49,49,56,49,61,66
0457,Lumineon,[],460,69,69,76,69,86,91
0458,Mantyke,[],345,45,20,50,60,120,50
0459,Snover,['Grass'],334,60,62,50,62,60,40
0460,Abomasnow,['Grass'],494,90,92,75,92,85,60
0460,Abomasnow,['Grass'],594,90,132,105,132,105,30
0461,Weavile,[],510,70,120,65,45,85,125
0462,Magnezone,[],535,70,70,115,130,90,60
0463,Lickilicky,[],515,110,85,95,80,95,50
0464,Rhyperior,[],535,115,140,130,55,55,40
0465,Tangrowth,['Grass'],535,100,100,125,110,50,50
0466,Electivire,[],540,75,123,67,95,85,95
0467,Magmortar,[],540,75,95,67,125,95,83
0468,Togekiss,[],545,85,50,95,120,115,80
0469,Yanmega,[],515,86,76,86,116,56,95
0470,Leafeon,['Grass'],525,65,110,130,60,65,95
0471,Glaceon,[],525,65,60,110,130,95,65
0472,Gliscor,[],510,75,95,125,45,75,95
0473,Mamoswine,[],530,110,130,80,70,60,80
0474,Porygon-Z,[],535,85,80,70,135,75,90
0475,Gallade,[],518,68,125,65,65,115,80
0475,Gallade,[],618,68,165,95,65,115,110
0476,Probopass,[],525,60,55,145,75,150,40
0477,Dusknoir,[],525,45,100,135,65,135,45
0478,Froslass,[],480,70,80,70,80,70,110
0479,Rotom,[],440,50,50,77,95,77,91
0479,Rotom,[],520,50,65,107,105,107,86
0479,Rotom,[],520,50,65,107,105,107,86
0479,Rotom,[],520,50,65,107,105,107,86
0479,Rotom,[],520,50,65,107,105,107,86
0479,Rotom,['Grass'],520,50,65,107,105,107,86
0480,Uxie,[],580,75,75,130,75,130,95
0481,Mesprit,[],580,80,105,105,105,105,80
0482,Azelf,[],580,75,125,70,125,70,115
0483,Dialga,[],680,100,120,120,150,100,90
0483,Dialga,[],680,100,100,120,150,120,90
0484,Palkia,[],680,90,120,100,150,120,100
0484,Palkia,[],680,90,100,100,150,120,120
0485,Heatran,[],600,91,90,106,130,106,77
0486,Regigigas,[],670,110,160,110,80,110,100
0487,Giratina,[],680,150,100,120,100,120,90
0487,Giratina,[],680,150,120,100,120,100,90
0488,Cresselia,[],580,120,70,110,75,120,85
0489,Phione,[],480,80,80,80,80,80,80
0490,Manaphy,[],600,100,100,100,100,100,100
0491,Darkrai,[],600,70,90,90,135,90,125
0492,Shaymin,['Grass'],600,100,100,100,100,100,100
0492,Shaymin,['Grass'],600,100,103,75,120,75,127
0493,Arceus,[],720,120,120,120,120,120,120
0494,Victini,[],600,100,100,100,100,100,100
0495,Snivy,['Grass'],308,45,45,55,45,55,63
0496,Servine,['Grass'],413,60,60,75,60,75,83
0497,Serperior,['Grass'],528,75,75,95,75,95,113
0498,Tepig,[],308,65,63,45,45,45,45
0499,Pignite,[],418,90,93,55,70,55,55
0500,Emboar,[],528,110,123,65,100,65,65
0501,Oshawott,[],308,55,55,45,63,45,45
0502,Dewott,[],413,75,75,60,83,60,60
0503,Samurott,[],528,95,100,85,108,70,70
0503,Samurott,[],528,90,108,80,100,65,85
0504,Patrat,[],255,45,55,39,35,39,42
0505,Watchog,[],420,60,85,69,60,69,77
0506,Lillipup,[],275,45,60,45,25,45,55
0507,Herdier,[],370,65,80,65,35,65,60
0508,Stoutland,[],500,85,110,90,45,90,80
0509,Purrloin,[],281,41,50,37,50,37,66
0510,Liepard,[],446,64,88,50,88,50,106
0511,Pansage,['Grass'],316,50,53,48,53,48,64
0512,Simisage,['Grass'],498,75,98,63,98,63,101
0513,Pansear,[],316,50,53,48,53,48,64
0514,Simisear,[],498,75,98,63,98,63,101
0515,Panpour,[],316,50,53,48,53,48,64
0516,Simipour,[],498,75,98,63,98,63,101
0517,Munna,[],292,76,25,45,67,55,24
0518,Musharna,[],487,116,55,85,107,95,29
0519,Pidove,[],264,50,55,50,36,30,43
0520,Tranquill,[],358,62,77,62,50,42,65
0521,Unfezant,[],488,80,115,80,65,55,93
0522,Blitzle,[],295,45,60,32,50,32,76
0523,Zebstrika,[],497,75,100,63,80,63,116
0524,Roggenrola,[],280,55,75,85,25,25,15
0525,Boldore,[],390,70,105,105,50,40,20
0526,Gigalith,[],515,85,135,130,60,80,25
0527,Woobat,[],323,65,45,43,55,43,72
0528,Swoobat,[],425,67,57,55,77,55,114
0529,Drilbur,[],328,60,85,40,30,45,68
0530,Excadrill,[],508,110,135,60,50,65,88
0531,Audino,[],445,103,60,86,60,86,50
0531,Audino,[],545,103,60,126,80,126,50
0532,Timburr,[],305,75,80,55,25,35,35
0533,Gurdurr,[],405,85,105,85,40,50,40
0534,Conkeldurr,[],505,105,140,95,55,65,45
0535,Tympole,[],294,50,50,40,50,40,64
0536,Palpitoad,[],384,75,65,55,65,55,69
0537,Seismitoad,[],509,105,95,75,85,75,74
0538,Throh,[],465,120,100,85,30,85,45
0539,Sawk,[],465,75,125,75,30,75,85
0540,Sewaddle,['Grass'],310,45,53,70,40,60,42
0541,Swadloon,['Grass'],380,55,63,90,50,80,42
0542,Leavanny,['Grass'],500,75,103,80,70,80,92
0543,Venipede,[],260,30,45,59,30,39,57
0544,Whirlipede,[],360,40,55,99,40,79,47
0545,Scolipede,[],485,60,100,89,55,69,112
0546,Cottonee,['Grass'],280,40,27,60,37,50,66
0547,Whimsicott,['Grass'],480,60,67,85,77,75,116
0548,Petilil,['Grass'],280,45,35,50,70,50,30
0549,Lilligant,['Grass'],480,70,60,75,110,75,90
0549,Lilligant,['Grass'],480,70,105,75,50,75,105
0550,Basculin,[],460,70,92,65,80,55,98
0550,Basculin,[],460,70,92,65,80,55,98
0550,Basculin,[],460,70,92,65,80,55,98
0551,Sandile,[],292,50,72,35,35,35,65
0552,Krokorok,[],351,60,82,45,45,45,74
0553,Krookodile,[],519,95,117,80,65,70,92
0554,Darumaka,[],315,70,90,45,15,45,50
0554,Darumaka,[],315,70,90,45,15,45,50
0555,Darmanitan,[],480,105,140,55,30,55,95
0555,Darmanitan,[],540,105,30,105,140,105,55
0555,Darmanitan,[],480,105,140,55,30,55,95
0555,Darmanitan,[],540,105,160,55,30,55,135
0556,Maractus,['Grass'],461,75,86,67,106,67,60
0557,Dwebble,[],325,50,65,85,35,35,55
0558,Crustle,[],485,70,105,125,65,75,45
0559,Scraggy,[],348,50,75,70,35,70,48
0560,Scrafty,[],488,65,90,115,45,115,58
0561,Sigilyph,[],490,72,58,80,103,80,97
0562,Yamask,[],303,38,30,85,55,65,30
0562,Yamask,[],303,38,55,85,30,65,30
0563,Cofagrigus,[],483,58,50,145,95,105,30
0564,Tirtouga,[],355,54,78,103,53,45,22
0565,Carracosta,[],495,74,108,133,83,65,32
0566,Archen,[],401,55,112,45,74,45,70
0567,Archeops,[],567,75,140,65,112,65,110
0568,Trubbish,[],329,50,50,62,40,62,65
0569,Garbodor,[],474,80,95,82,60,82,75
0570,Zorua,[],330,40,65,40,80,40,65
0570,Zorua,[],330,35,60,40,85,40,70
0571,Zoroark,[],510,60,105,60,120,60,105
0571,Zoroark,[],510,55,100,60,125,60,110
0572,Minccino,[],300,55,50,40,40,40,75
0573,Cinccino,[],470,75,95,60,65,60,115
0574,Gothita,[],290,45,30,50,55,65,45
0575,Gothorita,[],390,60,45,70,75,85,55
0576,Gothitelle,[],490,70,55,95,95,110,65
0577,Solosis,[],290,45,30,40,105,50,20
0578,Duosion,[],370,65,40,50,125,60,30
0579,Reuniclus,[],490,110,65,75,125,85,30
0580,Ducklett,[],305,62,44,50,44,50,55
0581,Swanna,[],473,75,87,63,87,63,98
0582,Vanillite,[],305,36,50,50,65,60,44
0583,Vanillish,[],395,51,65,65,80,75,59
0584,Vanilluxe,[],535,71,95,85,110,95,79
0585,Deerling,['Grass'],335,60,60,50,40,50,75
0586,Sawsbuck,['Grass'],475,80,100,70,60,70,95
0587,Emolga,[],428,55,75,60,75,60,103
0588,Karrablast,[],315,50,75,45,40,45,60
0589,Escavalier,[],495,70,135,105,60,105,20
0590,Foongus,['Grass'],294,69,55,45,55,55,15
0591,Amoonguss,['Grass'],464,114,85,70,85,80,30
0592,Frillish,[],335,55,40,50,65,85,40
0593,Jellicent,[],480,100,60,70,85,105,60
0594,Alomomola,[],470,165,75,80,40,45,65
0595,Joltik,[],319,50,47,50,57,50,65
0596,Galvantula,[],472,70,77,60,97,60,108
0597,Ferroseed,['Grass'],305,44,50,91,24,86,10
0598,Ferrothorn,['Grass'],489,74,94,131,54,116,20
0599,Klink,[],300,40,55,70,45,60,30
0600,Klang,[],440,60,80,95,70,85,50
0601,Klinklang,[],520,60,100,115,70,85,90
0602,Tynamo,[],275,35,55,40,45,40,60
0603,Eelektrik,[],405,65,85,70,75,70,40
0604,Eelektross,[],515,85,115,80,105,80,50
0605,Elgyem,[],335,55,55,55,85,55,30
0606,Beheeyem,[],485,75,75,75,125,95,40
0607,Litwick,[],275,50,30,55,65,55,20
0608,Lampent,[],370,60,40,60,95,60,55
0609,Chandelure,[],520,60,55,90,145,90,80
0610,Axew,[],320,46,87,60,30,40,57
0611,Fraxure,[],410,66,117,70,40,50,67
0612,Haxorus,[],540,76,147,90,60,70,97
0613,Cubchoo,[],305,55,70,40,60,40,40
0614,Beartic,[],505,95,130,80,70,80,50
0615,Cryogonal,[],515,80,50,50,95,135,105
0616,Shelmet,[],305,50,40,85,40,65,25
0617,Accelgor,[],495,80,70,40,100,60,145
0618,Stunfisk,[],471,109,66,84,81,99,32
0618,Stunfisk,[],471,109,81,99,66,84,32
0619,Mienfoo,[],350,45,85,50,55,50,65
0620,Mienshao,[],510,65,125,60,95,60,105
0621,Druddigon,[],485,77,120,90,60,90,48
0622,Golett,[],303,59,74,50,35,50,35
0623,Golurk,[],483,89,124,80,55,80,55
0624,Pawniard,[],340,45,85,70,40,40,60
0625,Bisharp,[],490,65,125,100,60,70,70
0626,Bouffalant,[],490,95,110,95,40,95,55
0627,Rufflet,[],350,70,83,50,37,50,60
0628,Braviary,[],510,100,123,75,57,75,80
0628,Braviary,[],510,110,83,70,112,70,65
0629,Vullaby,[],370,70,55,75,45,65,60
0630,Mandibuzz,[],510,110,65,105,55,95,80
0631,Heatmor,[],484,85,97,66,105,66,65
0632,Durant,[],484,58,109,112,48,48,109
0633,Deino,[],300,52,65,50,45,50,38
0634,Zweilous,[],420,72,85,70,65,70,58
0635,Hydreigon,[],600,92,105,90,125,90,98
0636,Larvesta,[],360,55,85,55,50,55,60
0637,Volcarona,[],550,85,60,65,135,105,100
0638,Cobalion,[],580,91,90,129,90,72,108
0639,Terrakion,[],580,91,129,90,72,90,108
0640,Virizion,['Grass'],580,91,90,72,90,129,108
0641,Tornadus,[],580,79,115,70,125,80,111
0641,Tornadus,[],580,79,100,80,110,90,121
0642,Thundurus,[],580,79,115,70,125,80,111
0642,Thundurus,[],580,79,105,70,145,80,101
0643,Reshiram,[],680,100,120,100,150,120,90
0644,Zekrom,[],680,100,150,120,120,100,90
0645,Landorus,[],600,89,125,90,115,80,101
0645,Landorus,[],600,89,145,90,105,80,91
0646,Kyurem,[],660,125,130,90,130,90,95
0646,Kyurem,[],700,125,120,90,170,100,95
0646,Kyurem,[],700,125,170,100,120,90,95
0647,Keldeo,[],580,91,72,90,129,90,108
0647,Keldeo,[],580,91,72,90,129,90,108
0648,Meloetta,[],600,100,77,77,128,128,90
0648,Meloetta,[],600,100,128,90,77,77,128
0649,Genesect,[],600,71,120,95,120,95,99
0650,Chespin,['Grass'],313,56,61,65,48,45,38
0651,Quilladin,['Grass'],405,61,78,95,56,58,57
0652,Chesnaught,['Grass'],530,88,107,122,74,75,64
0653,Fennekin,[],307,40,45,40,62,60,60
0654,Braixen,[],409,59,59,58,90,70,73
0655,Delphox,[],534,75,69,72,114,100,104
0656,Froakie,[],314,41,56,40,62,44,71
0657,Frogadier,[],405,54,63,52,83,56,97
0658,Greninja,[],530,72,95,67,103,71,122
0658,Greninja,[],640,72,145,67,153,71,132
0659,Bunnelby,[],237,38,36,38,32,36,57
0660,Diggersby,[],423,85,56,77,50,77,78
0661,Fletchling,[],278,45,50,43,40,38,62
0662,Fletchinder,[],382,62,73,55,56,52,84
0663,Talonflame,[],499,78,81,71,74,69,126
0664,Scatterbug,[],200,38,35,40,27,25,35
0665,Spewpa,[],213,45,22,60,27,30,29
0666,Vivillon,[],411,80,52,50,90,50,89
0667,Litleo,[],369,62,50,58,73,54,72
0668,Pyroar,[],507,86,68,72,109,66,106
0669,Flabébé,[],303,44,38,39,61,79,42
0670,Floette,[],371,54,45,47,75,98,52
0671,Florges,[],552,78,65,68,112,154,75
0672,Skiddo,['Grass'],350,66,65,48,62,57,52
0673,Gogoat,['Grass'],531,123,100,62,97,81,68
0674,Pancham,[],348,67,82,62,46,48,43
0675,Pangoro,[],495,95,124,78,69,71,58
0676,Furfrou,[],472,75,80,60,65,90,102
0677,Espurr,[],355,62,48,54,63,60,68
0678,Meowstic,[],466,74,48,76,83,81,104
0678,Meowstic,[],466,74,48,76,83,81,104
0679,Honedge,[],325,45,80,100,35,37,28
0680,Doublade,[],448,59,110,150,45,49,35
0681,Aegislash,[],500,60,50,140,50,140,60
0681,Aegislash,[],500,60,140,50,140,50,60
0682,Spritzee,[],341,78,52,60,63,65,23
0683,Aromatisse,[],462,101,72,72,99,89,29
0684,Swirlix,[],341,62,48,66,59,57,49
0685,Slurpuff,[],480,82,80,86,85,75,72
0686,Inkay,[],288,53,54,53,37,46,45
0687,Malamar,[],482,86,92,88,68,75,73
0688,Binacle,[],306,42,52,67,39,56,50
0689,Barbaracle,[],500,72,105,115,54,86,68
0690,Skrelp,[],320,50,60,60,60,60,30
0691,Dragalge,[],494,65,75,90,97,123,44
0692,Clauncher,[],330,50,53,62,58,63,44
0693,Clawitzer,[],500,71,73,88,120,89,59
0694,Helioptile,[],289,44,38,33,61,43,70
0695,Heliolisk,[],481,62,55,52,109,94,109
0696,Tyrunt,[],362,58,89,77,45,45,48
0697,Tyrantrum,[],521,82,121,119,69,59,71
0698,Amaura,[],362,77,59,50,67,63,46
0699,Aurorus,[],521,123,77,72,99,92,58
0700,Sylveon,[],525,95,65,65,110,130,60
0701,Hawlucha,[],500,78,92,75,74,63,118
0702,Dedenne,[],431,67,58,57,81,67,101
0703,Carbink,[],500,50,50,150,50,150,50
0704,Goomy,[],300,45,50,35,55,75,40
0705,Sliggoo,[],452,68,75,53,83,113,60
0705,Sliggoo,[],452,58,75,83,83,113,40
0706,Goodra,[],600,90,100,70,110,150,80
0706,Goodra,[],600,80,100,100,110,150,60
0707,Klefki,[],470,57,80,91,80,87,75
0708,Phantump,['Grass'],309,43,70,48,50,60,38
0709,Trevenant,['Grass'],474,85,110,76,65,82,56
0710,Pumpkaboo,['Grass'],335,49,66,70,44,55,51
0710,Pumpkaboo,['Grass'],335,44,66,70,44,55,56
0710,Pumpkaboo,['Grass'],335,54,66,70,44,55,46
0710,Pumpkaboo,['Grass'],335,59,66,70,44,55,41
0711,Gourgeist,['Grass'],494,65,90,122,58,75,84
0711,Gourgeist,['Grass'],494,55,85,122,58,75,99
0711,Gourgeist,['Grass'],494,75,95,122,58,75,69
0711,Gourgeist,['Grass'],494,85,100,122,58,75,54
0712,Bergmite,[],304,55,69,85,32,35,28
0713,Avalugg,[],514,95,117,184,44,46,28
0713,Avalugg,[],514,95,127,184,34,36,38
0714,Noibat,[],245,40,30,35,45,40,55
0715,Noivern,[],535,85,70,80,97,80,123
0716,Xerneas,[],680,126,131,95,131,98,99
0717,Yveltal,[],680,126,131,95,131,98,99
0718,Zygarde,[],600,108,100,121,81,95,95
0718,Zygarde,[],486,54,100,71,61,85,115
0718,Zygarde,[],708,216,100,121,91,95,85
0719,Diancie,[],600,50,100,150,100,150,50
0719,Diancie,[],700,50,160,110,160,110,110
0720,Hoopa,[],600,80,110,60,150,130,70
0720,Hoopa,[],680,80,160,60,170,130,80
0721,Volcanion,[],600,80,110,120,130,90,70
0722,Rowlet,['Grass'],320,68,55,55,50,50,42
0723,Dartrix,['Grass'],420,78,75,75,70,70,52
0724,Decidueye,['Grass'],530,78,107,75,100,100,70
0724,Decidueye,['Grass'],530,88,112,80,95,95,60
0725,Litten,[],320,45,65,40,60,40,70
0726,Torracat,[],420,65,85,50,80,50,90
0727,Incineroar,[],530,95,115,90,80,90,60
0728,Popplio,[],320,50,54,54,66,56,40
0729,Brionne,[],420,60,69,69,91,81,50
0730,Primarina,[],530,80,74,74,126,116,60
0731,Pikipek,[],265,35,75,30,30,30,65
0732,Trumbeak,[],355,55,85,50,40,50,75
0733,Toucannon,[],485,80,120,75,75,75,60
0734,Yungoos,[],253,48,70,30,30,30,45
0735,Gumshoos,[],418,88,110,60,55,60,45
0736,Grubbin,[],300,47,62,45,55,45,46
0737,Charjabug,[],400,57,82,95,55,75,36
0738,Vikavolt,[],500,77,70,90,145,75,43
0739,Crabrawler,[],338,47,82,57,42,47,63
0740,Crabominable,[],478,97,132,77,62,67,43
0741,Oricorio,[],476,75,70,70,98,70,93
0741,Oricorio,[],476,75,70,70,98,70,93
0741,Oricorio,[],476,75,70,70,98,70,93
0741,Oricorio,[],476,75,70,70,98,70,93
0742,Cutiefly,[],304,40,45,40,55,40,84
0743,Ribombee,[],464,60,55,60,95,70,124
0744,Rockruff,[],280,45,65,40,30,40,60
0744,Rockruff,[],280,45,65,40,30,40,60
0745,Lycanroc,[],487,75,115,65,55,65,112
0745,Lycanroc,[],487,85,115,75,55,75,82
0745,Lycanroc,[],487,75,117,65,55,65,110
0746,Wishiwashi,[],175,45,20,20,25,25,40
0746,Wishiwashi,[],620,45,140,130,140,135,30
0747,Mareanie,[],305,50,53,62,43,52,45
0748,Toxapex,[],495,50,63,152,53,142,35
0749,Mudbray,[],385,70,100,70,45,55,45
0750,Mudsdale,[],500,100,125,100,55,85,35
0751,Dewpider,[],269,38,40,52,40,72,27
0752,Araquanid,[],454,68,70,92,50,132,42
0753,Fomantis,['Grass'],250,40,55,35,50,35,35
0754,Lurantis,['Grass'],480,70,105,90,80,90,45
0755,Morelull,['Grass'],285,40,35,55,65,75,15
0756,Shiinotic,['Grass'],405,60,45,80,90,100,30
0757,Salandit,[],320,48,44,40,71,40,77
0758,Salazzle,[],480,68,64,60,111,60,117
0759,Stufful,[],340,70,75,50,45,50,50
0760,Bewear,[],500,120,125,80,55,60,60
0761,Bounsweet,['Grass'],210,42,30,38,30,38,32
0762,Steenee,['Grass'],290,52,40,48,40,48,62
0763,Tsareena,['Grass'],510,72,120,98,50,98,72
0764,Comfey,[],485,51,52,90,82,110,100
0765,Oranguru,[],490,90,60,80,90,110,60
0766,Passimian,[],490,100,120,90,40,60,80
0767,Wimpod,[],230,25,35,40,20,30,80
0768,Golisopod,[],530,75,125,140,60,90,40
0769,Sandygast,[],320,55,55,80,70,45,15
0770,Palossand,[],480,85,75,110,100,75,35
0771,Pyukumuku,[],410,55,60,130,30,130,5
0772,Type: Null,[],534,95,95,95,95,95,59
0773,Silvally,[],570,95,95,95,95,95,95
0774,Minior,[],440,60,60,100,60,100,60
0774,Minior,[],500,60,100,60,100,60,120
0775,Komala,[],480,65,115,65,75,95,65
0776,Turtonator,[],485,60,78,135,91,85,36
0777,Togedemaru,[],435,65,98,63,40,73,96
0778,Mimikyu,[],476,55,90,80,50,105,96
0779,Bruxish,[],475,68,105,70,70,70,92
0780,Drampa,[],485,78,60,85,135,91,36
0781,Dhelmise,['Grass'],517,70,131,100,86,90,40
0782,Jangmo-o,[],300,45,55,65,45,45,45
0783,Hakamo-o,[],420,55,75,90,65,70,65
0784,Kommo-o,[],600,75,110,125,100,105,85
0785,Tapu Koko,[],570,70,115,85,95,75,130
0786,Tapu Lele,[],570,70,85,75,130,115,95
0787,Tapu Bulu,['Grass'],570,70,130,115,85,95,75
0788,Tapu Fini,[],570,70,75,115,95,130,85
0789,Cosmog,[],200,43,29,31,29,31,37
0790,Cosmoem,[],400,43,29,131,29,131,37
0791,Solgaleo,[],680,137,137,107,113,89,97
0792,Lunala,[],680,137,113,89,137,107,97
0793,Nihilego,[],570,109,53,47,127,131,103
0794,Buzzwole,[],570,107,139,139,53,53,79
0795,Pheromosa,[],570,71,137,37,137,37,151
0796,Xurkitree,[],570,83,89,71,173,71,83
0797,Celesteela,[],570,97,101,103,107,101,61
0798,Kartana,['Grass'],570,59,181,131,59,31,109
0799,Guzzlord,[],570,223,101,53,97,53,43
0800,Necrozma,[],600,97,107,101,127,89,79
0800,Necrozma,[],680,97,157,127,113,109,77
0800,Necrozma,[],680,97,113,109,157,127,77
0800,Necrozma,[],754,97,167,97,167,97,129
0801,Magearna,[],600,80,95,115,130,115,65
0802,Marshadow,[],600,90,125,80,90,90,125
0803,Poipole,[],420,67,73,67,73,67,73
0804,Naganadel,[],540,73,73,73,127,73,121
0805,Stakataka,[],570,61,131,211,53,101,13
0806,Blacephalon,[],570,53,127,53,151,79,107
0807,Zeraora,[],600,88,112,75,102,80,143
0808,Meltan,[],300,46,65,65,55,35,34
0809,Melmetal,[],600,135,143,143,80,65,34
0810,Grookey,['Grass'],310,50,65,50,40,40,65
0811,Thwackey,['Grass'],420,70,85,70,55,60,80
0812,Rillaboom,['Grass'],530,100,125,90,60,70,85
0813,Scorbunny,[],310,50,71,40,40,40,69
0814,Raboot,[],420,65,86,60,55,60,94
0815,Cinderace,[],530,80,116,75,65,75,119
0816,Sobble,[],310,50,40,40,70,40,70
0817,Drizzile,[],420,65,60,55,95,55,90
0818,Inteleon,[],530,70,85,65,125,65,120
0819,Skwovet,[],275,70,55,55,35,35,25
0820,Greedent,[],460,120,95,95,55,75,20
0821,Rookidee,[],245,38,47,35,33,35,57
0822,Corvisquire,[],365,68,67,55,43,55,77
0823,Corviknight,[],495,98,87,105,53,85,67
0824,Blipbug,[],180,25,20,20,25,45,45
0825,Dottler,[],335,50,35,80,50,90,30
0826,Orbeetle,[],505,60,45,110,80,120,90
0827,Nickit,[],245,40,28,28,47,52,50
0828,Thievul,[],455,70,58,58,87,92,90
0829,Gossifleur,['Grass'],250,40,40,60,40,60,10
0830,Eldegoss,['Grass'],460,60,50,90,80,120,60
0831,Wooloo,[],270,42,40,55,40,45,48
0832,Dubwool,[],490,72,80,100,60,90,88
0833,Chewtle,[],284,50,64,50,38,38,44
0834,Drednaw,[],485,90,115,90,48,68,74
0835,Yamper,[],270,59,45,50,40,50,26
0836,Boltund,[],490,69,90,60,90,60,121
0837,Rolycoly,[],240,30,40,50,40,50,30
0838,Carkol,[],410,80,60,90,60,70,50
0839,Coalossal,[],510,110,80,120,80,90,30
0840,Applin,['Grass'],260,40,40,80,40,40,20
0841,Flapple,['Grass'],485,70,110,80,95,60,70
0842,Appletun,['Grass'],485,110,85,80,100,80,30
0843,Silicobra,[],315,52,57,75,35,50,46
0844,Sandaconda,[],510,72,107,125,65,70,71
0845,Cramorant,[],475,70,85,55,85,95,85
0846,Arrokuda,[],280,41,63,40,40,30,66
0847,Barraskewda,[],490,61,123,60,60,50,136
0848,Toxel,[],242,40,38,35,54,35,40
0849,Toxtricity,[],502,75,98,70,114,70,75
0849,Toxtricity,[],502,75,98,70,114,70,75
0850,Sizzlipede,[],305,50,65,45,50,50,45
0851,Centiskorch,[],525,100,115,65,90,90,65
0852,Clobbopus,[],310,50,68,60,50,50,32
0853,Grapploct,[],480,80,118,90,70,80,42
0854,Sinistea,[],308,40,45,45,74,54,50
0855,Polteageist,[],508,60,65,65,134,114,70
0856,Hatenna,[],265,42,30,45,56,53,39
0857,Hattrem,[],370,57,40,65,86,73,49
0858,Hatterene,[],510,57,90,95,136,103,29
0859,Impidimp,[],265,45,45,30,55,40,50
0860,Morgrem,[],370,65,60,45,75,55,70
0861,Grimmsnarl,[],510,95,120,65,95,75,60
0862,Obstagoon,[],520,93,90,101,60,81,95
0863,Perrserker,[],440,70,110,100,50,60,50
0864,Cursola,[],510,60,95,50,145,130,30
0865,Sirfetch'd,[],507,62,135,95,68,82,65
0866,Mr. Rime,[],520,80,85,75,110,100,70
0867,Runerigus,[],483,58,95,145,50,105,30
0868,Milcery,[],270,45,40,40,50,61,34
0869,Alcremie,[],495,65,60,75,110,121,64
0870,Falinks,[],470,65,100,100,70,60,75
0871,Pincurchin,[],435,48,101,95,91,85,15
0872,Snom,[],185,30,25,35,45,30,20
0873,Frosmoth,[],475,70,65,60,125,90,65
0874,Stonjourner,[],470,100,125,135,20,20,70
0875,Eiscue,[],470,75,80,110,65,90,50
0875,Eiscue,[],470,75,80,70,65,50,130
0876,Indeedee,[],475,60,65,55,105,95,95
0876,Indeedee,[],475,70,55,65,95,105,85
0877,Morpeko,[],436,58,95,58,70,58,97
0877,Morpeko,[],436,58,95,58,70,58,97
0878,Cufant,[],330,72,80,49,40,49,40
0879,Copperajah,[],500,122,130,69,80,69,30
0880,Dracozolt,[],505,90,100,90,80,70,75
0881,Arctozolt,[],505,90,100,90,90,80,55
0882,Dracovish,[],505,90,90,100,70,80,75
0883,Arctovish,[],505,90,90,100,80,90,55
0884,Duraludon,[],535,70,95,115,120,50,85
0885,Dreepy,[],270,28,60,30,40,30,82
0886,Drakloak,[],410,68,80,50,60,50,102
0887,Dragapult,[],600,88,120,75,100,75,142
0888,Zacian,[],660,92,120,115,80,115,138
0888,Zacian,[],700,92,150,115,80,115,148
0889,Zamazenta,[],660,92,120,115,80,115,138
0889,Zamazenta,[],700,92,120,140,80,140,128
0890,Eternatus,[],690,140,85,95,145,95,130
0890,Eternatus,[],1125,255,115,250,125,250,130
0891,Kubfu,[],385,60,90,60,53,50,72
0892,Urshifu,[],550,100,130,100,63,60,97
0892,Urshifu,[],550,100,130,100,63,60,97
0893,Zarude,['Grass'],600,105,120,105,70,95,105
0894,Regieleki,[],580,80,100,50,100,50,200
0895,Regidrago,[],580,200,100,50,100,50,80
0896,Glastrier,[],580,100,145,130,65,110,30
0897,Spectrier,[],580,100,65,60,145,80,130
0898,Calyrex,['Grass'],500,100,80,80,80,80,80
0898,Calyrex,[],680,100,165,150,85,130,50
0898,Calyrex,[],680,100,85,80,165,100,150
0899,Wyrdeer,[],525,103,105,72,105,75,65
0900,Kleavor,[],500,70,135,95,45,70,85
0901,Ursaluna,[],550,130,140,105,45,80,50
0901,Ursaluna,[],555,113,70,120,135,65,52
0902,Basculegion,[],530,120,112,65,80,75,78
0902,Basculegion,[],530,120,92,65,100,75,78
0903,Sneasler,[],510,80,130,60,40,80,120
0904,Overqwil,[],510,85,115,95,65,65,85
0905,Enamorus,[],580,74,115,70,135,80,106
0905,Enamorus,[],580,74,115,110,135,100,46
0906,Sprigatito,['Grass'],310,40,61,54,45,45,65
0907,Floragato,['Grass'],410,61,80,63,60,63,83
0908,Meowscarada,['Grass'],530,76,110,70,81,70,123
0909,Fuecoco,[],310,67,45,59,63,40,36
0910,Crocalor,[],411,81,55,78,90,58,49
0911,Skeledirge,[],530,104,75,100,110,75,66
0912,Quaxly,[],310,55,65,45,50,45,50
0913,Quaxwell,[],410,70,85,65,65,60,65
0914,Quaquaval,[],530,85,120,80,85,75,85
0915,Lechonk,[],254,54,45,40,35,45,35
0916,Oinkologne,[],489,110,100,75,59,80,65
0916,Oinkologne,[],489,115,90,70,59,90,65
0917,Tarountula,[],210,35,41,45,29,40,20
0918,Spidops,[],404,60,79,92,52,86,35
0919,Nymble,[],210,33,46,40,21,25,45
0920,Lokix,[],450,71,102,78,52,55,92
0921,Pawmi,[],240,45,50,20,40,25,60
0922,Pawmo,[],350,60,75,40,50,40,85
0923,Pawmot,[],490,70,115,70,70,60,105
0924,Tandemaus,[],305,50,50,45,40,45,75
0925,Maushold,[],470,74,75,70,65,75,111
0925,Maushold,[],470,74,75,70,65,75,111
0926,Fidough,[],312,37,55,70,30,55,65
0927,Dachsbun,[],477,57,80,115,50,80,95
0928,Smoliv,['Grass'],260,41,35,45,58,51,30
0929,Dolliv,['Grass'],354,52,53,60,78,78,33
0930,Arboliva,['Grass'],510,78,69,90,125,109,39
0931,Squawkabilly,[],417,82,96,51,45,51,92
0931,Squawkabilly,[],417,82,96,51,45,51,92
0931,Squawkabilly,[],417,82,96,51,45,51,92
0931,Squawkabilly,[],417,82,96,51,45,51,92
0932,Nacli,[],280,55,55,75,35,35,25
0933,Naclstack,[],355,60,60,100,35,65,35
0934,Garganacl,[],500,100,100,130,45,90,35
0935,Charcadet,[],255,40,50,40,50,40,35
0936,Armarouge,[],525,85,60,100,125,80,75
0937,Ceruledge,[],525,75,125,80,60,100,85
0938,Tadbulb,[],272,61,31,41,59,35,45
0939,Bellibolt,[],495,109,64,91,103,83,45
0940,Wattrel,[],280,40,40,35,55,40,70
0941,Kilowattrel,[],490,70,70,60,105,60,125
0942,Maschiff,[],340,60,78,60,40,51,51
0943,Mabosstiff,[],505,80,120,90,60,70,85
0944,Shroodle,[],290,40,65,35,40,35,75
0945,Grafaiai,[],485,63,95,65,80,72,110
0946,Bramblin,['Grass'],275,40,65,30,45,35,60
0947,Brambleghast,['Grass'],480,55,115,70,80,70,90
0948,Toedscool,['Grass'],335,40,40,35,50,100,70
0949,Toedscruel,['Grass'],515,80,70,65,80,120,100
0950,Klawf,[],450,70,100,115,35,55,75
0951,Capsakid,['Grass'],304,50,62,40,62,40,50
0952,Scovillain,['Grass'],486,65,108,65,108,65,75
0953,Rellor,[],270,41,50,60,31,58,30
0954,Rabsca,[],470,75,50,85,115,100,45
0955,Flittle,[],255,30,35,30,55,30,75
0956,Espathra,[],481,95,60,60,101,60,105
0957,Tinkatink,[],297,50,45,45,35,64,58
0958,Tinkatuff,[],380,65,55,55,45,82,78
0959,Tinkaton,[],506,85,75,77,70,105,94
0960,Wiglett,[],245,10,55,25,35,25,95
0961,Wugtrio,[],425,35,100,50,50,70,120
0962,Bombirdier,[],485,70,103,85,60,85,82
0963,Finizen,[],315,70,45,40,45,40,75
0964,Palafin,[],457,100,70,72,53,62,100
0964,Palafin,[],650,100,160,97,106,87,100
0965,Varoom,[],300,45,70,63,30,45,47
0966,Revavroom,[],500,80,119,90,54,67,90
0967,Cyclizar,[],501,70,95,65,85,65,121
0968,Orthworm,[],480,70,85,145,60,55,65
0969,Glimmet,[],350,48,35,42,105,60,60
0970,Glimmora,[],525,83,55,90,130,81,86
0971,Greavard,[],290,50,61,60,30,55,34
0972,Houndstone,[],488,72,101,100,50,97,68
0973,Flamigo,[],500,82,115,74,75,64,90
0974,Cetoddle,[],334,108,68,45,30,40,43
0975,Cetitan,[],521,170,113,65,45,55,73
0976,Veluza,[],478,90,102,73,78,65,70
0977,Dondozo,[],530,150,100,115,65,65,35
0978,Tatsugiri,[],475,68,50,60,120,95,82
0978,Tatsugiri,[],475,68,50,60,120,95,82
0978,Tatsugiri,[],475,68,50,60,120,95,82
0979,Annihilape,[],535,110,115,80,50,90,90
0980,Clodsire,[],430,130,75,60,45,100,20
0981,Farigiraf,[],520,120,90,70,110,70,60
0982,Dudunsparce,[],520,125,100,80,85,75,55
0982,Dudunsparce,[],520,125,100,80,85,75,55
0983,Kingambit,[],550,100,135,120,60,85,50
0984,Great Tusk,[],570,115,131,131,53,53,87
0985,Scream Tail,[],570,115,65,99,65,115,111
0986,Brute Bonnet,['Grass'],570,111,127,99,79,99,55
0987,Flutter Mane,[],570,55,55,55,135,135,135
0988,Slither Wing,[],570,85,135,79,85,105,81
0989,Sandy Shocks,[],570,85,81,97,121,85,101
0990,Iron Treads,[],570,90,112,120,72,70,106
0991,Iron Bundle,[],570,56,80,114,124,60,136
0992,Iron Hands,[],570,154,140,108,50,68,50
0993,Iron Jugulis,[],570,94,80,86,122,80,108
0994,Iron Moth,[],570,80,70,60,140,110,110
0995,Iron Thorns,[],570,100,134,110,70,84,72
0996,Frigibax,[],320,65,75,45,35,45,55
0997,Arctibax,[],423,90,95,66,45,65,62
0998,Baxcalibur,[],600,115,145,92,75,86,87
0999,Gimmighoul,[],300,45,30,70,75,70,10
0999,Gimmighoul,[],300,45,30,25,75,45,80
1000,Gholdengo,[],550,87,60,95,133,91,84
1001,Wo-Chien,['Grass'],570,85,85,100,95,135,70
1002,Chien-Pao,[],570,80,120,80,90,65,135
1003,Ting-Lu,[],570,155,110,125,55,80,45
1004,Chi-Yu,[],570,55,80,80,135,120,100
1005,Roaring Moon,[],590,105,139,71,55,101,119
1006,Iron Valiant,[],590,74,130,90,120,60,116
1007,Koraidon,[],670,100,135,115,85,100,135
1008,Miraidon,[],670,100,85,100,135,115,135
1009,Walking Wake,[],590,99,83,91,125,83,109
1010,Iron Leaves,['Grass'],590,90,130,88,70,108,104
1011,Dipplin,['Grass'],485,80,80,110,95,80,40
1012,Poltchageist,['Grass'],308,40,45,45,74,54,50
1013,Sinistcha,['Grass'],508,71,60,106,121,80,70
1014,Okidogi,[],555,88,128,115,58,86,80
1015,Munkidori,[],555,88,75,66,130,90,106
1016,Fezandipiti,[],555,88,91,82,70,125,99
1017,Ogerpon,['Grass'],550,80,120,84,60,96,110
1017,Ogerpon,['Grass'],550,80,120,84,60,96,110
1017,Ogerpon,['Grass'],550,80,120,84,60,96,110
1017,Ogerpon,['Grass'],550,80,120,84,60,96,110
1018,Archaludon,[],600,90,105,130,125,65,85
1019,Hydrapple,['Grass'],540,106,80,110,120,80,44
1020,Gouging Fire,[],590,105,115,121,65,93,91
1021,Raging Bolt,[],590,125,73,91,137,89,75
1022,Iron Boulder,[],590,90,120,80,68,108,124
1023,Iron Crown,[],590,90,72,100,122,108,98
1024,Terapagos,[],450,90,65,85,65,85,60
1024,Terapagos,[],600,95,95,110,105,110,85
1024,Terapagos,[],700,160,105,110,130,110,85
1025,Pecharunt,[],600,88,88,160,88,88,88
